scientific_name,english_name,portuguese_name,venom_group,deadly_flag,avg_adult_size_m,habitat,present_1985_survey,present_2015_2023_survey,survey_abundance_2015_2023,survey_taxon_original,survey_sources,survey_source_urls,taxonomy_source_url,inat_obs_count,inat_taxon_url,inat_photo_url,notes,observation_url,source,photo_id,photo_url,source_url,observer,observer_url,licence_code,licence_label,licence_url,credit_line,image_status
Anilius scytale,False Coral Snake,falsa-coral-canudo,non-venomous,no,0.6–0.9,forest floor / fossorial,yes,yes,4.0,Anilius scytale,UFSC thesis Table S1 (2015–2023 CNF survey),https://www.academia.edu/98379773/Os_R%C3%A9pteis_da_%C3%A1rea_de_Caraj%C3%A1s_Par%C3%A1_Brasil_Testudines_e_Squamata_I | https://repositorio.ufsc.br/bitstream/handle/123456789/268946/PECO0265-T.pdf?isAllowed=y&sequence=-1,,,https://www.inaturalist.org/taxa/32073-Anilius-scytale,https://www.inaturalist.org/taxa/32073-Anilius-scytale/browse_photos,,https://www.inaturalist.org/observations/17829258,inat,27212920,https://inaturalist-open-data.s3.amazonaws.com/photos/27212920/medium.jpeg,https://www.inaturalist.org/observations/17829258,rafaelbernhard,https://www.inaturalist.org/people/rafaelbernhard,cc-by,CC BY,https://creativecommons.org/licenses/by/4.0/,© rafaelbernhard via iNaturalist (CC BY),ok
Apostolepis quinquelineata,Five-lined Burrowing Snake,cobra-cabeça-preta-de-cinco-linhas,non-venomous,no,0.25–0.40,canga / campo rupestre / fossorial,yes,no,,Apostolepis quinquelineata,Cunha et al. 1985 Carajás reptile survey,https://www.academia.edu/98379773/Os_R%C3%A9pteis_da_%C3%A1rea_de_Caraj%C3%A1s_Par%C3%A1_Brasil_Testudines_e_Squamata_I,,,https://www.inaturalist.org/taxa/Apostolepis%20quinquelineata,https://www.inaturalist.org/taxa/Apostolepis%20quinquelineata/browse_photos,iNaturalist species page not surfaced in search results during build; URL kept as name-based fallback,,gbif,1056124694,https://data.nhm.ac.uk/media/76c0e084-65a0-433d-a4f1-b283f4051c7b,https://www.gbif.org/occurrence/1056124694,NHMUK,,cc-by,CC BY,https://creativecommons.org/licenses/by/4.0/,© NHMUK via GBIF (CC BY),ok
Atractus tartarus,Tartarus Ground Snake,cobrinha-da-terra-tártaro,non-venomous,no,0.2–0.4,forest floor / fossorial,no,yes,2.0,Atractus tartarus,UFSC thesis Table S1 (2015–2023 CNF survey),https://repositorio.ufsc.br/bitstream/handle/123456789/268946/PECO0265-T.pdf?isAllowed=y&sequence=-1,,,https://www.inaturalist.org/taxa/675260-Atractus-tartarus,https://www.inaturalist.org/taxa/675260-Atractus-tartarus/browse_photos,,,gbif,2988343293,https://inaturalist-open-data.s3.amazonaws.com/photos/104733237/original.jpg,https://www.gbif.org/occurrence/2988343293,Jean Martins,,cc-by,CC BY,https://creativecommons.org/licenses/by/4.0/,© Jean Martins via GBIF (CC BY),ok
Boa constrictor,Boa Constrictor,jiboia,non-venomous,no,2.0–3.0,forest / edge / disturbed areas,yes,yes,2.0,Boa constrictor,UFSC thesis Table S1 (2015–2023 CNF survey),https://www.academia.edu/98379773/Os_R%C3%A9pteis_da_%C3%A1rea_de_Caraj%C3%A1s_Par%C3%A1_Brasil_Testudines_e_Squamata_I | https://repositorio.ufsc.br/bitstream/handle/123456789/268946/PECO0265-T.pdf?isAllowed=y&sequence=-1,,5206.0,https://www.inaturalist.org/taxa/29377-Boa-constrictor,https://www.inaturalist.org/taxa/29377-Boa-constrictor/browse_photos,,,gbif,6129983456,https://inaturalist-open-data.s3.amazonaws.com/photos/610562625/original.jpg,https://www.gbif.org/occurrence/6129983456,Rafael Duarte,,cc0,CC0,https://creativecommons.org/publicdomain/zero/1.0/,© Rafael Duarte via GBIF (CC0),ok
Chironius exoletus,Common Sipo,cobra-cipó-comum,non-venomous,no,1.5–2.0,forest,yes,yes,1.0,Chironius exoletus,UFSC thesis Table S1 (2015–2023 CNF survey),https://www.academia.edu/98379773/Os_R%C3%A9pteis_da_%C3%A1rea_de_Caraj%C3%A1s_Par%C3%A1_Brasil_Testudines_e_Squamata_I | https://repositorio.ufsc.br/bitstream/handle/123456789/268946/PECO0265-T.pdf?isAllowed=y&sequence=-1,,,https://www.inaturalist.org/taxa/29899-Chironius-exoletus,https://www.inaturalist.org/taxa/29899-Chironius-exoletus/browse_photos,,,gbif,6133123567,https://inaturalist-open-data.s3.amazonaws.com/photos/612611642/original.jpg,https://www.gbif.org/occurrence/6133123567,Rajan Rao,,cc-by,CC BY,https://creativecommons.org/licenses/by/4.0/,© Rajan Rao via GBIF (CC BY),ok
Chironius flavolineatus,Yellow-striped Sipo,cobra-cipó-listrada-amarela,non-venomous,no,1.5–2.2,forest edge / canga edge,yes,yes,1.0,Chironius flavolineata,UFSC thesis Table S1 (2015–2023 CNF survey),https://www.academia.edu/98379773/Os_R%C3%A9pteis_da_%C3%A1rea_de_Caraj%C3%A1s_Par%C3%A1_Brasil_Testudines_e_Squamata_I | https://repositorio.ufsc.br/bitstream/handle/123456789/268946/PECO0265-T.pdf?isAllowed=y&sequence=-1,,,https://www.inaturalist.org/taxa/29907-Chironius-flavolineatus,https://www.inaturalist.org/taxa/29907-Chironius-flavolineatus/browse_photos,spelling flavolineatus in older Carajás literature,https://www.inaturalist.org/observations/299847192,inat,540218616,https://inaturalist-open-data.s3.amazonaws.com/photos/540218616/medium.jpg,https://www.inaturalist.org/observations/299847192,ryanvanhuyssteen,https://www.inaturalist.org/people/ryanvanhuyssteen,cc-by,CC BY,https://creativecommons.org/licenses/by/4.0/,© ryanvanhuyssteen via iNaturalist (CC BY),ok
Chironius fuscus,Brown Sipo,cobra-cipó-marrom,non-venomous,no,1.2–1.8,forest,yes,yes,1.0,Chironius fuscus,UFSC thesis Table S1 (2015–2023 CNF survey),https://www.academia.edu/98379773/Os_R%C3%A9pteis_da_%C3%A1rea_de_Caraj%C3%A1s_Par%C3%A1_Brasil_Testudines_e_Squamata_I | https://repositorio.ufsc.br/bitstream/handle/123456789/268946/PECO0265-T.pdf?isAllowed=y&sequence=-1,,,https://www.inaturalist.org/taxa/29910-Chironius-fuscus,https://www.inaturalist.org/taxa/29910-Chironius-fuscus/browse_photos,,,wikimedia,File:Brown Sipo (Chironius fuscus) (10511262976).jpg,https://upload.wikimedia.org/wikipedia/commons/c/c0/Brown_Sipo_%28Chironius_fuscus%29_%2810511262976%29.jpg,https://commons.wikimedia.org/wiki/File:Brown_Sipo_(Chironius_fuscus)_(10511262976).jpg,Bernard DUPONT from FRANCE,https://commons.wikimedia.org/wiki/File:Brown_Sipo_(Chironius_fuscus)_(10511262976).jpg,cc-by-sa,CC BY-SA,https://creativecommons.org/licenses/by-sa/4.0/,© Bernard DUPONT from FRANCE / Wikimedia Commons (CC BY-SA),ok
Chironius multiventris,South American Sipo,cobra-cipó-barriguda,non-venomous,no,1.5–2.2,forest / arboreal,yes,no,,Chironius multiventris,Cunha et al. 1985 Carajás reptile survey,https://www.academia.edu/98379773/Os_R%C3%A9pteis_da_%C3%A1rea_de_Caraj%C3%A1s_Par%C3%A1_Brasil_Testudines_e_Squamata_I,,467.0,https://www.inaturalist.org/taxa/27241-Chironius-multiventris,https://www.inaturalist.org/taxa/27241-Chironius-multiventris/browse_photos,,,gbif,5087629938,https://inaturalist-open-data.s3.amazonaws.com/photos/475015183/original.jpg,https://www.gbif.org/occurrence/5087629938,Frances Oliver,,cc-by,CC BY,https://creativecommons.org/licenses/by/4.0/,© Frances Oliver via GBIF (CC BY),ok
Chironius scurrulus,Scurrulus Sipo,cobra-cipó-scurrulus,non-venomous,no,1.5–2.0,forest,yes,yes,3.0,Chironius scurrulus,UFSC thesis Table S1 (2015–2023 CNF survey),https://www.academia.edu/98379773/Os_R%C3%A9pteis_da_%C3%A1rea_de_Caraj%C3%A1s_Par%C3%A1_Brasil_Testudines_e_Squamata_I | https://repositorio.ufsc.br/bitstream/handle/123456789/268946/PECO0265-T.pdf?isAllowed=y&sequence=-1,,,https://www.inaturalist.org/taxa/29915-Chironius-scurrulus,https://www.inaturalist.org/taxa/29915-Chironius-scurrulus/browse_photos,,,gbif,5889922535,https://inaturalist-open-data.s3.amazonaws.com/photos/488921676/original.jpeg,https://www.gbif.org/occurrence/5889922535,Rafaella Cevallos Larrea,,cc-by,CC BY,https://creativecommons.org/licenses/by/4.0/,© Rafaella Cevallos Larrea via GBIF (CC BY),ok
Corallus batesii,Amazon Basin Emerald Tree Boa,jiboia-esmeralda-da-Amazônia,non-venomous,no,1.5–2.0,arboreal forest,no,yes,4.0,Corallus batesii,UFSC thesis Table S1 (2015–2023 CNF survey),https://repositorio.ufsc.br/bitstream/handle/123456789/268946/PECO0265-T.pdf?isAllowed=y&sequence=-1,,,https://www.inaturalist.org/taxa/672388-Corallus-batesii,https://www.inaturalist.org/taxa/672388-Corallus-batesii/browse_photos,,,gbif,6131519141,https://inaturalist-open-data.s3.amazonaws.com/photos/606633037/original.jpg,https://www.gbif.org/occurrence/6131519141,Lucas Illanes,,cc-by,CC BY,https://creativecommons.org/licenses/by/4.0/,© Lucas Illanes via GBIF (CC BY),ok
Corallus hortulana,Amazon Tree Boa,salamanta,non-venomous,no,1.2–1.8,arboreal forest,yes,yes,2.0,Corallus hortulana,UFSC thesis Table S1 (2015–2023 CNF survey),https://www.academia.edu/98379773/Os_R%C3%A9pteis_da_%C3%A1rea_de_Caraj%C3%A1s_Par%C3%A1_Brasil_Testudines_e_Squamata_I | https://repositorio.ufsc.br/bitstream/handle/123456789/268946/PECO0265-T.pdf?isAllowed=y&sequence=-1,https://reptile-database.reptarium.cz/Corallus/hortulana,2147.0,https://www.inaturalist.org/taxa/32082-Corallus-hortulana,https://www.inaturalist.org/taxa/32082-Corallus-hortulana/browse_photos,Corallus enydris in older Carajás literature,,wikimedia,File:Boa d’Amazonie au zoo de Guyane.jpg,https://upload.wikimedia.org/wikipedia/commons/c/c4/Boa_d%E2%80%99Amazonie_au_zoo_de_Guyane.jpg,https://commons.wikimedia.org/wiki/File:Boa_d%E2%80%99Amazonie_au_zoo_de_Guyane.jpg,Lyokoï,https://commons.wikimedia.org/wiki/File:Boa_d%E2%80%99Amazonie_au_zoo_de_Guyane.jpg,cc-by-sa,CC BY-SA,https://creativecommons.org/licenses/by-sa/4.0/,© Lyokoï / Wikimedia Commons (CC BY-SA),ok
Dendrophidion dendrophis,Amazon Forest Racer,corredora-florestal-amazônica,non-venomous,no,1.0–1.5,forest understory / leaf litter,no,yes,3.0,Dendrophidion dendrophis,UFSC thesis Table S1 (2015–2023 CNF survey),https://repositorio.ufsc.br/bitstream/handle/123456789/268946/PECO0265-T.pdf?isAllowed=y&sequence=-1,,,https://www.inaturalist.org/taxa/29212-Dendrophidion-dendrophis,https://www.inaturalist.org/taxa/29212-Dendrophidion-dendrophis/browse_photos,,,gbif,5889709558,https://inaturalist-open-data.s3.amazonaws.com/photos/584142306/original.jpg,https://www.gbif.org/occurrence/5889709558,Sebastian Doak,,cc-by,CC BY,https://creativecommons.org/licenses/by/4.0/,© Sebastian Doak via GBIF (CC BY),ok
Drymarchon corais,Yellow-tailed Indigo Snake,cobra-índigo-de-cauda-amarela,non-venomous,no,1.8–2.5,forest / edge / open trails,yes,no,,Drymarchon corais corais,Cunha et al. 1985 Carajás reptile survey,https://www.academia.edu/98379773/Os_R%C3%A9pteis_da_%C3%A1rea_de_Caraj%C3%A1s_Par%C3%A1_Brasil_Testudines_e_Squamata_I,,282.0,https://www.inaturalist.org/taxa/30335-Drymarchon-corais,https://www.inaturalist.org/taxa/30335-Drymarchon-corais/browse_photos,,https://www.inaturalist.org/observations/100609345,inat,167943135,https://inaturalist-open-data.s3.amazonaws.com/photos/167943135/medium.jpg,https://www.inaturalist.org/observations/100609345,hugo_bernal_hernandez,https://www.inaturalist.org/people/hugo_bernal_hernandez,cc-by,CC BY,https://creativecommons.org/licenses/by/4.0/,© hugo_bernal_hernandez via iNaturalist (CC BY),ok
Drymoluber dichrous,Bird Snake,cobra-passarinho,non-venomous,no,1.2–1.8,forest / edge,yes,yes,1.0,Drymoluber dichrous,UFSC thesis Table S1 (2015–2023 CNF survey),https://www.academia.edu/98379773/Os_R%C3%A9pteis_da_%C3%A1rea_de_Caraj%C3%A1s_Par%C3%A1_Brasil_Testudines_e_Squamata_I | https://repositorio.ufsc.br/bitstream/handle/123456789/268946/PECO0265-T.pdf?isAllowed=y&sequence=-1,,,https://www.inaturalist.org/taxa/29315-Drymoluber-dichrous,https://www.inaturalist.org/taxa/29315-Drymoluber-dichrous/browse_photos,,,wikimedia,File:Drymoluber dichrous 250509779.jpeg,https://upload.wikimedia.org/wikipedia/commons/3/3e/Drymoluber_dichrous_250509779.jpeg,https://commons.wikimedia.org/wiki/File:Drymoluber_dichrous_250509779.jpeg,....Christopher Borges....,https://commons.wikimedia.org/wiki/File:Drymoluber_dichrous_250509779.jpeg,cc-by-sa,CC BY-SA,https://creativecommons.org/licenses/by-sa/4.0/,© ....Christopher Borges.... / Wikimedia Commons (CC BY-SA),ok
Epicrates cenchria,Rainbow Boa,jiboia-arco-íris,non-venomous,no,1.2–1.8,forest,yes,yes,1.0,Epicrates cenchria,UFSC thesis Table S1 (2015–2023 CNF survey),https://www.academia.edu/98379773/Os_R%C3%A9pteis_da_%C3%A1rea_de_Caraj%C3%A1s_Par%C3%A1_Brasil_Testudines_e_Squamata_I | https://repositorio.ufsc.br/bitstream/handle/123456789/268946/PECO0265-T.pdf?isAllowed=y&sequence=-1,,1191.0,https://www.inaturalist.org/taxa/32237-Epicrates-cenchria,https://www.inaturalist.org/taxa/32237-Epicrates-cenchria/browse_photos,,https://www.inaturalist.org/observations/61381877,inat,98218832,https://inaturalist-open-data.s3.amazonaws.com/photos/98218832/medium.jpg,https://www.inaturalist.org/observations/61381877,dhfischer,https://www.inaturalist.org/people/dhfischer,cc-by,CC BY,https://creativecommons.org/licenses/by/4.0/,© dhfischer via iNaturalist (CC BY),ok
Leptophis ahaetulla,Giant Parrot Snake,cobra-cipó-verde,non-venomous,no,1.2–1.8,arboreal forest / edge,yes,no,,Leptophis a. ahaetulla,Cunha et al. 1985 Carajás reptile survey,https://www.academia.edu/98379773/Os_R%C3%A9pteis_da_%C3%A1rea_de_Caraj%C3%A1s_Par%C3%A1_Brasil_Testudines_e_Squamata_I,,320.0,https://www.inaturalist.org/taxa/29688-Leptophis-ahaetulla,https://www.inaturalist.org/taxa/29688-Leptophis-ahaetulla/browse_photos,,,wikimedia,File:Leptophis ahaetulla.jpg,https://upload.wikimedia.org/wikipedia/commons/f/fa/Leptophis_ahaetulla.jpg,https://commons.wikimedia.org/wiki/File:Leptophis_ahaetulla.jpg,Andreas Schlüter,https://commons.wikimedia.org/wiki/File:Leptophis_ahaetulla.jpg,cc-by-sa,CC BY-SA,https://creativecommons.org/licenses/by-sa/4.0/,© Andreas Schlüter / Wikimedia Commons (CC BY-SA),ok
Mastigodryas bifossatus,Rio Tropical Racer,corredora-rio,non-venomous,no,1.4–2.0,open edge / canga edge / forest border,yes,no,,Mastigodryas bifossatus lacerdai,Cunha et al. 1985 Carajás reptile survey,https://www.academia.edu/98379773/Os_R%C3%A9pteis_da_%C3%A1rea_de_Caraj%C3%A1s_Par%C3%A1_Brasil_Testudines_e_Squamata_I,,,https://www.inaturalist.org/taxa/29397-Mastigodryas-bifossatus,https://www.inaturalist.org/taxa/29397-Mastigodryas-bifossatus/browse_photos,inactive taxon label on iNaturalist search snippet,,gbif,5217584132,https://inaturalist-open-data.s3.amazonaws.com/photos/533117772/original.jpg,https://www.gbif.org/occurrence/5217584132,E Santos Ortega,,cc-by,CC BY,https://creativecommons.org/licenses/by/4.0/,© E Santos Ortega via GBIF (CC BY),ok
Mastigodryas boddaerti,Boddaert's Tropical Racer,corredora-tropical-de-Boddaert,non-venomous,no,1.4–2.0,forest / edge,yes,no,,Mastigodryas boddaertii boddaertii,Cunha et al. 1985 Carajás reptile survey; spelling updated,https://www.academia.edu/98379773/Os_R%C3%A9pteis_da_%C3%A1rea_de_Caraj%C3%A1s_Par%C3%A1_Brasil_Testudines_e_Squamata_I,,846.0,https://www.inaturalist.org/taxa/29395-Mastigodryas-boddaerti,https://www.inaturalist.org/taxa/29395-Mastigodryas-boddaerti/browse_photos,species-level count taken from genus snippet; spelling boddaertii in older Carajás literature,,wikimedia,File:Boddaert's Tropical Racer (Mastigodryas boddaerti) close-up (10346539504).jpg,https://upload.wikimedia.org/wikipedia/commons/4/45/Boddaert%27s_Tropical_Racer_%28Mastigodryas_boddaerti%29_close-up_%2810346539504%29.jpg,https://commons.wikimedia.org/wiki/File:Boddaert%27s_Tropical_Racer_(Mastigodryas_boddaerti)_close-up_(10346539504).jpg,Bernard DUPONT from FRANCE,https://commons.wikimedia.org/wiki/File:Boddaert%27s_Tropical_Racer_(Mastigodryas_boddaerti)_close-up_(10346539504).jpg,cc-by-sa,CC BY-SA,https://creativecommons.org/licenses/by-sa/4.0/,© Bernard DUPONT from FRANCE / Wikimedia Commons (CC BY-SA),ok
Phrynonax poecilonotus,Puffing Snake,cobra-estufadora,non-venomous,no,1.5–2.0,forest / edge,yes,yes,3.0,Phrynonax poecilonotus,UFSC thesis Table S1 (2015–2023 CNF survey),https://www.academia.edu/98379773/Os_R%C3%A9pteis_da_%C3%A1rea_de_Caraj%C3%A1s_Par%C3%A1_Brasil_Testudines_e_Squamata_I | https://repositorio.ufsc.br/bitstream/handle/123456789/268946/PECO0265-T.pdf?isAllowed=y&sequence=-1,,,https://www.inaturalist.org/taxa/29334-Phrynonax-poecilonotus,https://www.inaturalist.org/taxa/29334-Phrynonax-poecilonotus/browse_photos,,,gbif,6130780965,https://inaturalist-open-data.s3.amazonaws.com/photos/607296452/original.jpg,https://www.gbif.org/occurrence/6130780965,Tom Lawrence,,cc-by,CC BY,https://creativecommons.org/licenses/by/4.0/,© Tom Lawrence via GBIF (CC BY),ok
Spilotes pullatus,Chicken Snake,caninana,non-venomous,no,1.8–2.5,forest / edge / arboreal,yes,no,,Spilotes pullatus pullatus,Cunha et al. 1985 Carajás reptile survey,https://www.academia.edu/98379773/Os_R%C3%A9pteis_da_%C3%A1rea_de_Caraj%C3%A1s_Par%C3%A1_Brasil_Testudines_e_Squamata_I,,2806.0,https://www.inaturalist.org/taxa/28627-Spilotes-pullatus,https://www.inaturalist.org/taxa/28627-Spilotes-pullatus/browse_photos,,,gbif,6130239337,https://inaturalist-open-data.s3.amazonaws.com/photos/609329788/original.jpg,https://www.gbif.org/occurrence/6130239337,Rafael Bernhard,,cc-by,CC BY,https://creativecommons.org/licenses/by/4.0/,© Rafael Bernhard via GBIF (CC BY),ok
Spilotes sulphureus,Yellow-bellied Hissing Snake,caninana-amarela,non-venomous,no,1.8–2.5,forest / arboreal,yes,yes,1.0,Spilotes sulphureus,Cunha et al. 1985 Carajás reptile survey; 2015–2023 Carajás National Forest survey,https://repositorio.ufsc.br/bitstream/handle/123456789/268946/PECO0265-T.pdf?isAllowed=y&sequence=-1,,,https://www.inaturalist.org/taxa/29672-Spilotes-sulphureus,https://www.inaturalist.org/taxa/29672-Spilotes-sulphureus/browse_photos,present in both survey periods,,wikimedia,File:Spilotes sulphureus 127189108.jpg,https://upload.wikimedia.org/wikipedia/commons/4/4c/Spilotes_sulphureus_127189108.jpg,https://commons.wikimedia.org/wiki/File:Spilotes_sulphureus_127189108.jpg,Diogo Luiz,https://commons.wikimedia.org/wiki/File:Spilotes_sulphureus_127189108.jpg,cc-by-sa,CC BY-SA,https://creativecommons.org/licenses/by-sa/4.0/,© Diogo Luiz / Wikimedia Commons (CC BY-SA),ok
Trilepida macrolepis,Big-scaled Threadsnake,cobra-cega-de-escamas-grandes,non-venomous,no,0.1–0.2,soil / fossorial,no,yes,1.0,Trilepida macrolepis,UFSC thesis Table S1 (2015–2023 CNF survey),https://repositorio.ufsc.br/bitstream/handle/123456789/268946/PECO0265-T.pdf?isAllowed=y&sequence=-1,,,https://www.inaturalist.org/taxa/33559-Trilepida-macrolepis,https://www.inaturalist.org/taxa/33559-Trilepida-macrolepis/browse_photos,,,gbif,3415914311,https://inaturalist-open-data.s3.amazonaws.com/photos/169024535/original.jpeg,https://www.gbif.org/occurrence/3415914311,Henrry,,cc-by,CC BY,https://creativecommons.org/licenses/by/4.0/,© Henrry via GBIF (CC BY),ok
Xenopholis undulatus,Jensen's Ground Snake,cobra-de-chão-ondulada,non-venomous,no,0.25–0.40,forest leaf litter,yes,no,,Xenopholis undulatus,Cunha et al. 1985 Carajás reptile survey,https://www.academia.edu/98379773/Os_R%C3%A9pteis_da_%C3%A1rea_de_Caraj%C3%A1s_Par%C3%A1_Brasil_Testudines_e_Squamata_I,,,https://www.inaturalist.org/taxa/28018-Xenopholis-undulatus,https://www.inaturalist.org/taxa/28018-Xenopholis-undulatus/browse_photos,,,,,,,,,,,,,needs_outreach
Adelphostigma quadriocellata,Four-eyed Ground Snake,cobra-de-chão-quatro-ocelos,rear-fanged,no,0.25–0.40,forest leaf litter,yes,no,,Rhadinaea occipitalis / Taeniophallus occipitalis,Cunha et al. 1985 Carajás reptile survey; taxonomic update per Reptile Database,https://www.academia.edu/98379773/Os_R%C3%A9pteis_da_%C3%A1rea_de_Caraj%C3%A1s_Par%C3%A1_Brasil_Testudines_e_Squamata_I,https://reptile-database.reptarium.cz/Adelphostigma/quadriocellata,10.0,https://www.inaturalist.org/taxa/1439538-Adelphostigma-quadriocellata,https://www.inaturalist.org/taxa/1439538-Adelphostigma-quadriocellata/browse_photos,older Carajás literature reported this taxon under Rhadinaea/Taeniophallus occipitalis,,,,,,,,,,,,needs_outreach
Dipsas catesbyi,Catesby's Snail-eater,dorminhoca-de-Catesby,rear-fanged,no,0.6–0.8,arboreal forest / forest edge,yes,yes,38.0,Dipsas catesbyi,UFSC thesis Table S1 (2015–2023 CNF survey),https://www.academia.edu/98379773/Os_R%C3%A9pteis_da_%C3%A1rea_de_Caraj%C3%A1s_Par%C3%A1_Brasil_Testudines_e_Squamata_I | https://repositorio.ufsc.br/bitstream/handle/123456789/268946/PECO0265-T.pdf?isAllowed=y&sequence=-1,,799.0,https://www.inaturalist.org/taxa/30392-Dipsas-catesbyi,https://www.inaturalist.org/taxa/30392-Dipsas-catesbyi/browse_photos,snail-eater; broad habitat based on natural history,https://www.inaturalist.org/observations/109390805,inat,184361230,https://inaturalist-open-data.s3.amazonaws.com/photos/184361230/medium.jpg,https://www.inaturalist.org/observations/109390805,crawfordaj,https://www.inaturalist.org/people/crawfordaj,cc0,CC0,https://creativecommons.org/publicdomain/zero/1.0/,© crawfordaj via iNaturalist (CC0),ok
Dipsas indica,Neotropical Snail-eater,dorminhoca,rear-fanged,no,0.6–0.9,forest / arboreal,yes,yes,1.0,Dipsas indica,UFSC thesis Table S1 (2015–2023 CNF survey),https://www.academia.edu/98379773/Os_R%C3%A9pteis_da_%C3%A1rea_de_Caraj%C3%A1s_Par%C3%A1_Brasil_Testudines_e_Squamata_I | https://repositorio.ufsc.br/bitstream/handle/123456789/268946/PECO0265-T.pdf?isAllowed=y&sequence=-1,,,https://www.inaturalist.org/taxa/30395-Dipsas-indica,https://www.inaturalist.org/taxa/30395-Dipsas-indica/browse_photos,,https://www.inaturalist.org/observations/89288505,inat,147432844,https://inaturalist-open-data.s3.amazonaws.com/photos/147432844/medium.jpg,https://www.inaturalist.org/observations/89288505,dianafr,https://www.inaturalist.org/people/dianafr,cc-by-sa,CC BY-SA,https://creativecommons.org/licenses/by-sa/4.0/,© dianafr via iNaturalist (CC BY-SA),ok
Dipsas pavonina,Northern Snail-eater,papa-lesma-pavonina,rear-fanged,no,0.55–0.75,forest / arboreal,yes,no,,Dipsas pavonina,Cunha et al. 1985 Carajás reptile survey,https://www.academia.edu/98379773/Os_R%C3%A9pteis_da_%C3%A1rea_de_Caraj%C3%A1s_Par%C3%A1_Brasil_Testudines_e_Squamata_I,https://reptile-database.reptarium.cz/species?genus=dipsas&species=pavonina,72.0,https://www.inaturalist.org/taxa/30378-Dipsas-pavonina,https://www.inaturalist.org/taxa/30378-Dipsas-pavonina/browse_photos,,,wikimedia,File:Northern Snail-eater (Dipsas pavonina) (13928000210).jpg,https://upload.wikimedia.org/wikipedia/commons/b/ba/Northern_Snail-eater_%28Dipsas_pavonina%29_%2813928000210%29.jpg,https://commons.wikimedia.org/wiki/File:Northern_Snail-eater_(Dipsas_pavonina)_(13928000210).jpg,Bernard DUPONT from FRANCE,https://commons.wikimedia.org/wiki/File:Northern_Snail-eater_(Dipsas_pavonina)_(13928000210).jpg,cc-by-sa,CC BY-SA,https://creativecommons.org/licenses/by-sa/4.0/,© Bernard DUPONT from FRANCE / Wikimedia Commons (CC BY-SA),ok
Dipsas variegata,Variegated Snail-eater,dorminhoca-variegada,rear-fanged,no,0.5–0.8,forest / arboreal,no,yes,1.0,Dipsas variegata,UFSC thesis Table S1 (2015–2023 CNF survey),https://repositorio.ufsc.br/bitstream/handle/123456789/268946/PECO0265-T.pdf?isAllowed=y&sequence=-1,,,https://www.inaturalist.org/taxa/30406-Dipsas-variegata,https://www.inaturalist.org/taxa/30406-Dipsas-variegata/browse_photos,,,wikimedia,File:Variegated Snail-eater (Dipsas variegata) (23947806467).jpg,https://upload.wikimedia.org/wikipedia/commons/f/f4/Variegated_Snail-eater_%28Dipsas_variegata%29_%2823947806467%29.jpg,https://commons.wikimedia.org/wiki/File:Variegated_Snail-eater_(Dipsas_variegata)_(23947806467).jpg,Bernard DUPONT from FRANCE,https://commons.wikimedia.org/wiki/File:Variegated_Snail-eater_(Dipsas_variegata)_(23947806467).jpg,cc-by-sa,CC BY-SA,https://creativecommons.org/licenses/by-sa/4.0/,© Bernard DUPONT from FRANCE / Wikimedia Commons (CC BY-SA),ok
Drepanoides anomalus,Black-collared Snake,cobra-de-colar-preto,rear-fanged,no,0.5–0.8,forest,no,yes,2.0,Drepanoides anomalus,UFSC thesis Table S1 (2015–2023 CNF survey),https://repositorio.ufsc.br/bitstream/handle/123456789/268946/PECO0265-T.pdf?isAllowed=y&sequence=-1,,,https://www.inaturalist.org/taxa/29111-Drepanoides-anomalus,https://www.inaturalist.org/taxa/29111-Drepanoides-anomalus/browse_photos,,,gbif,5920159219,https://inaturalist-open-data.s3.amazonaws.com/photos/597074759/original.jpg,https://www.gbif.org/occurrence/5920159219,Fuller,,cc-by-nd,CC BY-ND,https://creativecommons.org/licenses/by-nd/4.0/,© Fuller via GBIF (CC BY-ND),ok
Erythrolamprus aesculapii,Aesculapian False Coral Snake,falsa-coral-aesculápia,rear-fanged,no,0.7–1.1,forest floor / leaf litter,yes,no,,Erythrolamprus a. aesculapii,Cunha et al. 1985 Carajás reptile survey,https://www.academia.edu/98379773/Os_R%C3%A9pteis_da_%C3%A1rea_de_Caraj%C3%A1s_Par%C3%A1_Brasil_Testudines_e_Squamata_I,,512.0,https://www.inaturalist.org/taxa/30152-Erythrolamprus-aesculapii,https://www.inaturalist.org/taxa/30152-Erythrolamprus-aesculapii/browse_photos,,https://www.inaturalist.org/observations/9522649,inat,12982463,https://inaturalist-open-data.s3.amazonaws.com/photos/12982463/medium.jpeg,https://www.inaturalist.org/observations/9522649,jujurenoult,https://www.inaturalist.org/people/jujurenoult,cc-by,CC BY,https://creativecommons.org/licenses/by/4.0/,© jujurenoult via iNaturalist (CC BY),ok
Erythrolamprus carajasensis,Carajás Ground Snake,cobra-de-chão-de-Carajás,rear-fanged,no,0.40–0.60,canga / forest edge / terrestrial,yes,no,,Liophis carajasensis,Cunha et al. 1985 Carajás reptile survey; taxonomy updated,https://www.academia.edu/98379773/Os_R%C3%A9pteis_da_%C3%A1rea_de_Caraj%C3%A1s_Par%C3%A1_Brasil_Testudines_e_Squamata_I,https://reptile-database.reptarium.cz/Erythrolamprus/carajasensis,1.0,https://www.inaturalist.org/taxa/539676-Erythrolamprus-carajasensis,https://www.inaturalist.org/taxa/539676-Erythrolamprus-carajasensis/browse_photos,taxon originally described from Carajás,,,,,,,,,,,,needs_outreach
Erythrolamprus oligolepis,Small-scaled Ground Snake,cobra-de-chão-de-escamas-pequenas,rear-fanged,no,0.35–0.55,forest floor / leaf litter,yes,no,,Liophis oligolepis,Cunha et al. 1985 Carajás reptile survey; taxonomy updated,https://www.academia.edu/98379773/Os_R%C3%A9pteis_da_%C3%A1rea_de_Caraj%C3%A1s_Par%C3%A1_Brasil_Testudines_e_Squamata_I,,,https://www.inaturalist.org/taxa/539691-Erythrolamprus-oligolepis,https://www.inaturalist.org/taxa/539691-Erythrolamprus-oligolepis/browse_photos,,https://www.inaturalist.org/observations/241887946,inat,431160068,https://inaturalist-open-data.s3.amazonaws.com/photos/431160068/medium.jpg,https://www.inaturalist.org/observations/241887946,kirill_petrov,https://www.inaturalist.org/people/kirill_petrov,cc-by,CC BY,https://creativecommons.org/licenses/by/4.0/,© kirill_petrov via iNaturalist (CC BY),ok
Erythrolamprus reginae,Royal Ground Snake,cobra-de-chão-rainha,rear-fanged,no,0.40–0.60,forest floor / near water,yes,no,,Liophis reginae,Cunha et al. 1985 Carajás reptile survey; taxonomy updated,https://www.academia.edu/98379773/Os_R%C3%A9pteis_da_%C3%A1rea_de_Caraj%C3%A1s_Par%C3%A1_Brasil_Testudines_e_Squamata_I,,,https://www.inaturalist.org/taxa/539696-Erythrolamprus-reginae,https://www.inaturalist.org/taxa/539696-Erythrolamprus-reginae/browse_photos,,https://www.inaturalist.org/observations/219334935,inat,388213755,https://inaturalist-open-data.s3.amazonaws.com/photos/388213755/medium.jpg,https://www.inaturalist.org/observations/219334935,siddantas,https://www.inaturalist.org/people/siddantas,cc-by-sa,CC BY-SA,https://creativecommons.org/licenses/by-sa/4.0/,© siddantas via iNaturalist (CC BY-SA),ok
Helicops angulatus,Brown-banded Watersnake,cobra-d'água-angulada,rear-fanged,no,0.8–1.1,aquatic / riparian,yes,yes,8.0,Helicops angulatus,UFSC thesis Table S1 (2015–2023 CNF survey),https://www.academia.edu/98379773/Os_R%C3%A9pteis_da_%C3%A1rea_de_Caraj%C3%A1s_Par%C3%A1_Brasil_Testudines_e_Squamata_I | https://repositorio.ufsc.br/bitstream/handle/123456789/268946/PECO0265-T.pdf?isAllowed=y&sequence=-1,,,https://www.inaturalist.org/taxa/29976-Helicops-angulatus,https://www.inaturalist.org/taxa/29976-Helicops-angulatus/browse_photos,,https://www.inaturalist.org/observations/67060396,inat,108239719,https://inaturalist-open-data.s3.amazonaws.com/photos/108239719/medium.jpeg,https://www.inaturalist.org/observations/67060396,vincentvosriberalta,https://www.inaturalist.org/people/vincentvosriberalta,cc-by,CC BY,https://creativecommons.org/licenses/by/4.0/,© vincentvosriberalta via iNaturalist (CC BY),ok
Imantodes cenchoa,Common Blunt-headed Tree Snake,cobra-cabeça-roma,rear-fanged,no,0.8–1.5,arboreal forest,yes,yes,9.0,Imantodes cenchoa,UFSC thesis Table S1 (2015–2023 CNF survey),https://www.academia.edu/98379773/Os_R%C3%A9pteis_da_%C3%A1rea_de_Caraj%C3%A1s_Par%C3%A1_Brasil_Testudines_e_Squamata_I | https://repositorio.ufsc.br/bitstream/handle/123456789/268946/PECO0265-T.pdf?isAllowed=y&sequence=-1,,4298.0,https://www.inaturalist.org/taxa/29873-Imantodes-cenchoa,https://www.inaturalist.org/taxa/29873-Imantodes-cenchoa/browse_photos,,,wikimedia,File:Imantodes cenchoa01a.jpeg,https://upload.wikimedia.org/wikipedia/commons/3/30/Imantodes_cenchoa01a.jpeg,https://commons.wikimedia.org/wiki/File:Imantodes_cenchoa01a.jpeg,Giovanni Alberto Chaves Portilla,https://commons.wikimedia.org/wiki/File:Imantodes_cenchoa01a.jpeg,cc-by-sa,CC BY-SA,https://creativecommons.org/licenses/by-sa/4.0/,© Giovanni Alberto Chaves Portilla / Wikimedia Commons (CC BY-SA),ok
Leptodeira annulata,Banded Cat-eyed Snake,cobra-olho-de-gato-anelada,rear-fanged,no,0.6–1.0,forest / riparian edge,yes,yes,22.0,Leptodeira annulata,UFSC thesis Table S1 (2015–2023 CNF survey),https://www.academia.edu/98379773/Os_R%C3%A9pteis_da_%C3%A1rea_de_Caraj%C3%A1s_Par%C3%A1_Brasil_Testudines_e_Squamata_I | https://repositorio.ufsc.br/bitstream/handle/123456789/268946/PECO0265-T.pdf?isAllowed=y&sequence=-1,,913.0,https://www.inaturalist.org/taxa/29718-Leptodeira-annulata,https://www.inaturalist.org/taxa/29718-Leptodeira-annulata/browse_photos,,https://www.inaturalist.org/observations/277848021,inat,498891317,https://inaturalist-open-data.s3.amazonaws.com/photos/498891317/medium.jpg,https://www.inaturalist.org/observations/277848021,diogoluiz,https://www.inaturalist.org/people/diogoluiz,cc-by,CC BY,https://creativecommons.org/licenses/by/4.0/,© diogoluiz via iNaturalist (CC BY),ok
Oxybelis aeneus,Brown Vine Snake,cobra-cipó-marrom,rear-fanged,no,1.2–1.8,arboreal forest / open edge,yes,yes,4.0,Oxybelis aeneus,UFSC thesis Table S1 (2015–2023 CNF survey),https://www.academia.edu/98379773/Os_R%C3%A9pteis_da_%C3%A1rea_de_Caraj%C3%A1s_Par%C3%A1_Brasil_Testudines_e_Squamata_I | https://repositorio.ufsc.br/bitstream/handle/123456789/268946/PECO0265-T.pdf?isAllowed=y&sequence=-1,,524.0,https://www.inaturalist.org/taxa/83515-Oxybelis-aeneus,https://www.inaturalist.org/taxa/83515-Oxybelis-aeneus/browse_photos,,,gbif,6147692392,https://inaturalist-open-data.s3.amazonaws.com/photos/614205053/original.jpg,https://www.gbif.org/occurrence/6147692392,Thomaz de Carvalho Callado,,cc-by,CC BY,https://creativecommons.org/licenses/by/4.0/,© Thomaz de Carvalho Callado via GBIF (CC BY),ok
Oxybelis fulgidus,Green Vine Snake,cobra-cipó-verde-brilhante,rear-fanged,no,1.5–2.2,arboreal forest,yes,no,,Oxybelis fulgidus,Cunha et al. 1985 Carajás reptile survey,https://www.academia.edu/98379773/Os_R%C3%A9pteis_da_%C3%A1rea_de_Caraj%C3%A1s_Par%C3%A1_Brasil_Testudines_e_Squamata_I,,1312.0,https://www.inaturalist.org/taxa/29178-Oxybelis-fulgidus,https://www.inaturalist.org/taxa/29178-Oxybelis-fulgidus/browse_photos,,,gbif,6147229038,https://inaturalist-open-data.s3.amazonaws.com/photos/613164996/original.jpg,https://www.gbif.org/occurrence/6147229038,Charlotte Kirchner,,cc-by,CC BY,https://creativecommons.org/licenses/by/4.0/,© Charlotte Kirchner via GBIF (CC BY),ok
Oxyrhopus melanogenys,Black-headed False Coral Snake,falsa-coral-de-cabeça-preta,rear-fanged,no,0.8–1.2,forest,no,yes,4.0,Oxyrhopus melanogenys,UFSC thesis Table S1 (2015–2023 CNF survey),https://repositorio.ufsc.br/bitstream/handle/123456789/268946/PECO0265-T.pdf?isAllowed=y&sequence=-1,,,https://www.inaturalist.org/taxa/29201-Oxyrhopus-melanogenys,https://www.inaturalist.org/taxa/29201-Oxyrhopus-melanogenys/browse_photos,,,gbif,6131694331,https://inaturalist-open-data.s3.amazonaws.com/photos/608729992/original.jpg,https://www.gbif.org/occurrence/6131694331,Lucas Illanes,,cc-by,CC BY,https://creativecommons.org/licenses/by/4.0/,© Lucas Illanes via GBIF (CC BY),ok
Oxyrhopus petolarius,Forest Flame Snake,falsa-coral-da-floresta,rear-fanged,no,0.7–1.0,forest / forest edge,yes,yes,6.0,Oxyrhopus petolarius,UFSC thesis Table S1 (2015–2023 CNF survey),https://www.academia.edu/98379773/Os_R%C3%A9pteis_da_%C3%A1rea_de_Caraj%C3%A1s_Par%C3%A1_Brasil_Testudines_e_Squamata_I | https://repositorio.ufsc.br/bitstream/handle/123456789/268946/PECO0265-T.pdf?isAllowed=y&sequence=-1,,1823.0,https://www.inaturalist.org/taxa/146320-Oxyrhopus-petolarius,https://www.inaturalist.org/taxa/146320-Oxyrhopus-petolarius/browse_photos,,,,,,,,,,,,,needs_outreach
Philodryas viridissima,Common Green Racer,corredora-verde-comum,rear-fanged,no,1.2–1.8,forest / edge / shrubs,yes,no,,Philodryas viridissimus,Cunha et al. 1985 Carajás reptile survey; iNaturalist uses viridissima,https://www.academia.edu/98379773/Os_R%C3%A9pteis_da_%C3%A1rea_de_Caraj%C3%A1s_Par%C3%A1_Brasil_Testudines_e_Squamata_I,,,https://www.inaturalist.org/taxa/29097-Philodryas-viridissima,https://www.inaturalist.org/taxa/29097-Philodryas-viridissima/browse_photos,survey used older spelling viridissimus; spelling viridissimus in older Carajás literature,,gbif,5932715439,https://inaturalist-open-data.s3.amazonaws.com/photos/598564553/original.jpg,https://www.gbif.org/occurrence/5932715439,R Vasconcellos,,cc-by,CC BY,https://creativecommons.org/licenses/by/4.0/,© R Vasconcellos via GBIF (CC BY),ok
Pseudoboa coronata,Crowned False Boa,falsa-jiboia-coroada,rear-fanged,no,1.0–1.5,forest / edge,no,yes,2.0,Pseudoboa coronata,UFSC thesis Table S1 (2015–2023 CNF survey),https://repositorio.ufsc.br/bitstream/handle/123456789/268946/PECO0265-T.pdf?isAllowed=y&sequence=-1,,,https://www.inaturalist.org/taxa/29240-Pseudoboa-coronata,https://www.inaturalist.org/taxa/29240-Pseudoboa-coronata/browse_photos,,,,,,,,,,,,,needs_outreach
Pseudoboa nigra,Black False Boa,falsa-jiboia-preta,rear-fanged,no,1.0–1.5,forest edge / canga edge,yes,yes,1.0,Pseudoboa nigra,UFSC thesis Table S1 (2015–2023 CNF survey),https://www.academia.edu/98379773/Os_R%C3%A9pteis_da_%C3%A1rea_de_Caraj%C3%A1s_Par%C3%A1_Brasil_Testudines_e_Squamata_I | https://repositorio.ufsc.br/bitstream/handle/123456789/268946/PECO0265-T.pdf?isAllowed=y&sequence=-1,,384.0,https://www.inaturalist.org/taxa/28942-Pseudoboa-nigra,https://www.inaturalist.org/taxa/28942-Pseudoboa-nigra/browse_photos,,,wikimedia,File:Pseudoboa nigra.png,https://upload.wikimedia.org/wikipedia/commons/9/99/Pseudoboa_nigra.png,https://commons.wikimedia.org/wiki/File:Pseudoboa_nigra.png,Antônio Jorge Suzart Argôlo,https://commons.wikimedia.org/wiki/File:Pseudoboa_nigra.png,cc-by-sa,CC BY-SA,https://creativecommons.org/licenses/by-sa/4.0/,© Antônio Jorge Suzart Argôlo / Wikimedia Commons (CC BY-SA),ok
Rhinobothryum lentiginosum,Speckled Forest Snake,cobra-anelada-amazônica,rear-fanged,no,1.0–1.5,forest,yes,yes,1.0,Rhinobothryum lentiginosum,UFSC thesis Table S1 (2015–2023 CNF survey),https://www.academia.edu/98379773/Os_R%C3%A9pteis_da_%C3%A1rea_de_Caraj%C3%A1s_Par%C3%A1_Brasil_Testudines_e_Squamata_I | https://repositorio.ufsc.br/bitstream/handle/123456789/268946/PECO0265-T.pdf?isAllowed=y&sequence=-1,,69.0,https://www.inaturalist.org/taxa/28766-Rhinobothryum-lentiginosum,https://www.inaturalist.org/taxa/28766-Rhinobothryum-lentiginosum/browse_photos,,https://www.inaturalist.org/observations/140026503,inat,239620955,https://inaturalist-open-data.s3.amazonaws.com/photos/239620955/medium.jpg,https://www.inaturalist.org/observations/140026503,siddantas,https://www.inaturalist.org/people/siddantas,cc-by-sa,CC BY-SA,https://creativecommons.org/licenses/by-sa/4.0/,© siddantas via iNaturalist (CC BY-SA),ok
Sibon nebulatus,Cloudy Snail-eater,dorminhoca-nebulosa,rear-fanged,no,0.6–0.9,humid forest / arboreal,no,yes,1.0,Sibon nebulatus,UFSC thesis Table S1 (2015–2023 CNF survey),https://repositorio.ufsc.br/bitstream/handle/123456789/268946/PECO0265-T.pdf?isAllowed=y&sequence=-1,,,https://www.inaturalist.org/taxa/28697-Sibon-nebulatus,https://www.inaturalist.org/taxa/28697-Sibon-nebulatus/browse_photos,,,gbif,6129958668,https://inaturalist-open-data.s3.amazonaws.com/photos/606000502/original.jpg,https://www.gbif.org/occurrence/6129958668,Anthony Mora Aguilar,,cc-by,CC BY,https://creativecommons.org/licenses/by/4.0/,© Anthony Mora Aguilar via GBIF (CC BY),ok
Siphlophis compressus,Tropical Flat Snake,cobra-chata-tropical,rear-fanged,no,0.8–1.2,forest (mostly arboreal),yes,yes,12.0,Siphlophis compressus,UFSC thesis Table S1 (2015–2023 CNF survey),https://www.academia.edu/98379773/Os_R%C3%A9pteis_da_%C3%A1rea_de_Caraj%C3%A1s_Par%C3%A1_Brasil_Testudines_e_Squamata_I | https://repositorio.ufsc.br/bitstream/handle/123456789/268946/PECO0265-T.pdf?isAllowed=y&sequence=-1,,582.0,https://www.inaturalist.org/taxa/28656-Siphlophis-compressus,https://www.inaturalist.org/taxa/28656-Siphlophis-compressus/browse_photos,,,gbif,6130990702,https://inaturalist-open-data.s3.amazonaws.com/photos/609900019/original.jpg,https://www.gbif.org/occurrence/6130990702,Vincent A. Vos,,cc-by,CC BY,https://creativecommons.org/licenses/by/4.0/,© Vincent A. Vos via GBIF (CC BY),ok
Siphlophis worontzowi,Worontzow's Flat Snake,cobra-chata-de-Worontzow,rear-fanged,no,0.8–1.1,forest (often arboreal),no,yes,1.0,Siphlophis worontzowi,UFSC thesis Table S1 (2015–2023 CNF survey),https://repositorio.ufsc.br/bitstream/handle/123456789/268946/PECO0265-T.pdf?isAllowed=y&sequence=-1,,,https://www.inaturalist.org/taxa/28662-Siphlophis-worontzowi,https://www.inaturalist.org/taxa/28662-Siphlophis-worontzowi/browse_photos,,,gbif,3465887967,https://inaturalist-open-data.s3.amazonaws.com/photos/177235838/original.jpeg,https://www.gbif.org/occurrence/3465887967,Alessandher Piva,,cc-by,CC BY,https://creativecommons.org/licenses/by/4.0/,© Alessandher Piva via GBIF (CC BY),ok
Taeniophallus quadriocellatus,Four-eyed Ground Snake,cobra-de-chão-quatro-ocelos,rear-fanged,no,0.3–0.5,forest leaf litter,no,yes,1.0,Taeniophallus quadriocellatus,UFSC thesis Table S1 (2015–2023 CNF survey),https://repositorio.ufsc.br/bitstream/handle/123456789/268946/PECO0265-T.pdf?isAllowed=y&sequence=-1,,,https://www.inaturalist.org/taxa/30007-Taeniophallus-quadriocellatus,https://www.inaturalist.org/taxa/30007-Taeniophallus-quadriocellatus/browse_photos,,,,,,,,,,,,,needs_outreach
Xenodon rabdocephalus,False Fer-de-lance,falsa-jararaca,rear-fanged,no,0.6–0.9,forest floor / edge,yes,no,,Xenodon rabdocephalus,Cunha et al. 1985 Carajás reptile survey,https://www.academia.edu/98379773/Os_R%C3%A9pteis_da_%C3%A1rea_de_Caraj%C3%A1s_Par%C3%A1_Brasil_Testudines_e_Squamata_I,,490.0,https://www.inaturalist.org/taxa/28031-Xenodon-rabdocephalus,https://www.inaturalist.org/taxa/28031-Xenodon-rabdocephalus/browse_photos,,,gbif,6171644434,https://live.staticflickr.com/65535/55136060629_930870406a_b.jpg,https://www.gbif.org/occurrence/6171644434,794562383,,cc-by,CC BY,https://creativecommons.org/licenses/by/4.0/,© 794562383 via GBIF (CC BY),ok
Xenodon severus,Amazon False Fer-de-lance,falsa-jararaca-amazônica,rear-fanged,no,0.7–1.0,forest floor,yes,no,,Xenodon severus,Cunha et al. 1985 Carajás reptile survey,https://www.academia.edu/98379773/Os_R%C3%A9pteis_da_%C3%A1rea_de_Caraj%C3%A1s_Par%C3%A1_Brasil_Testudines_e_Squamata_I,,65.0,https://www.inaturalist.org/taxa/115052-Xenodon-severus,https://www.inaturalist.org/taxa/115052-Xenodon-severus/browse_photos,,,wikimedia,File:Xenodon severus DT -N Gareno- (18) (20123684293).jpg,https://upload.wikimedia.org/wikipedia/commons/1/15/Xenodon_severus_DT_-N_Gareno-_%2818%29_%2820123684293%29.jpg,https://commons.wikimedia.org/wiki/File:Xenodon_severus_DT_-N_Gareno-_(18)_(20123684293).jpg,"Diego Tirira from Quito, Ecuador",https://commons.wikimedia.org/wiki/File:Xenodon_severus_DT_-N_Gareno-_(18)_(20123684293).jpg,cc-by-sa,CC BY-SA,https://creativecommons.org/licenses/by-sa/4.0/,"© Diego Tirira from Quito, Ecuador / Wikimedia Commons (CC BY-SA)",ok
Xenopholis scalaris,Scalebellied Ground Snake,cobra-de-chão-escamada,rear-fanged,no,0.3–0.5,forest leaf litter,yes,yes,2.0,Xenopholis scalaris,UFSC thesis Table S1 (2015–2023 CNF survey),https://www.academia.edu/98379773/Os_R%C3%A9pteis_da_%C3%A1rea_de_Caraj%C3%A1s_Par%C3%A1_Brasil_Testudines_e_Squamata_I | https://repositorio.ufsc.br/bitstream/handle/123456789/268946/PECO0265-T.pdf?isAllowed=y&sequence=-1,,,https://www.inaturalist.org/taxa/30045-Xenopholis-scalaris,https://www.inaturalist.org/taxa/30045-Xenopholis-scalaris/browse_photos,,,gbif,5282222139,https://inaturalist-open-data.s3.amazonaws.com/photos/513034056/original.jpg,https://www.gbif.org/occurrence/5282222139,Paulo Mascaretti,,cc0,CC0,https://creativecommons.org/publicdomain/zero/1.0/,© Paulo Mascaretti via GBIF (CC0),ok
Xenoxybelis argentea,Silver Vine Snake,cobra-cipó-prateada,rear-fanged,no,1.2–1.8,arboreal forest,no,yes,7.0,Xenoxybelis argentea,UFSC thesis Table S1 (2015–2023 CNF survey),https://repositorio.ufsc.br/bitstream/handle/123456789/268946/PECO0265-T.pdf?isAllowed=y&sequence=-1,,,https://www.inaturalist.org/taxa/29953-Xenoxybelis-argentea,https://www.inaturalist.org/taxa/29953-Xenoxybelis-argentea/browse_photos,,,wikimedia,File:Lance-headed Vine Snake (Xenoxybelis argenteus) (10649995795).jpg,https://upload.wikimedia.org/wikipedia/commons/a/ad/Lance-headed_Vine_Snake_%28Xenoxybelis_argenteus%29_%2810649995795%29.jpg,https://commons.wikimedia.org/wiki/File:Lance-headed_Vine_Snake_(Xenoxybelis_argenteus)_(10649995795).jpg,Bernard DUPONT from FRANCE,https://commons.wikimedia.org/wiki/File:Lance-headed_Vine_Snake_(Xenoxybelis_argenteus)_(10649995795).jpg,cc-by-sa,CC BY-SA,https://creativecommons.org/licenses/by-sa/4.0/,© Bernard DUPONT from FRANCE / Wikimedia Commons (CC BY-SA),ok
Bothrops atrox,Common Lancehead,jararaca-da-Amazônia,front-fanged viper,yes,1.0–1.5,forest floor,yes,no,,Bothrops atrox,Cunha et al. 1985 Carajás reptile survey,https://www.academia.edu/98379773/Os_R%C3%A9pteis_da_%C3%A1rea_de_Caraj%C3%A1s_Par%C3%A1_Brasil_Testudines_e_Squamata_I,,2685.0,https://www.inaturalist.org/taxa/49001-Bothrops-atrox,https://www.inaturalist.org/taxa/49001-Bothrops-atrox/browse_photos,,https://www.inaturalist.org/observations/9918755,inat,13606734,https://inaturalist-open-data.s3.amazonaws.com/photos/13606734/medium.jpeg,https://www.inaturalist.org/observations/9918755,vincentvosriberalta,https://www.inaturalist.org/people/vincentvosriberalta,cc-by,CC BY,https://creativecommons.org/licenses/by/4.0/,© vincentvosriberalta via iNaturalist (CC BY),ok
Bothrops bilineatus,Green Jararaca,jararaca-verde,front-fanged viper,yes,0.8–1.2,arboreal forest / forest edge,yes,yes,8.0,Bothrops bilineatus,UFSC thesis Table S1 (2015–2023 CNF survey),https://www.academia.edu/98379773/Os_R%C3%A9pteis_da_%C3%A1rea_de_Caraj%C3%A1s_Par%C3%A1_Brasil_Testudines_e_Squamata_I | https://repositorio.ufsc.br/bitstream/handle/123456789/268946/PECO0265-T.pdf?isAllowed=y&sequence=-1,,440.0,https://www.inaturalist.org/taxa/539411-Bothrops-bilineatus,https://www.inaturalist.org/taxa/539411-Bothrops-bilineatus/browse_photos,,https://www.inaturalist.org/observations/18754436,inat,28719064,https://inaturalist-open-data.s3.amazonaws.com/photos/28719064/medium.jpg,https://www.inaturalist.org/observations/18754436,deboas,https://www.inaturalist.org/people/deboas,cc-by,CC BY,https://creativecommons.org/licenses/by/4.0/,© deboas via iNaturalist (CC BY),ok
Bothrops brazili,Brazil's Lancehead,jararaca-de-Brazil,front-fanged viper,yes,1.3–1.8,forest floor,yes,no,,Bothrops brazili,Cunha et al. 1985 Carajás reptile survey,https://www.academia.edu/98379773/Os_R%C3%A9pteis_da_%C3%A1rea_de_Caraj%C3%A1s_Par%C3%A1_Brasil_Testudines_e_Squamata_I,,46.0,https://www.inaturalist.org/taxa/30796-Bothrops-brazili,https://www.inaturalist.org/taxa/30796-Bothrops-brazili/browse_photos,,,wikimedia,File:Bothrops brazili IUCN.png,https://upload.wikimedia.org/wikipedia/commons/d/df/Bothrops_brazili_IUCN.png,https://commons.wikimedia.org/wiki/File:Bothrops_brazili_IUCN.png,"Catenazzi, A., Hoogmoed, M.S. &amp; Nogueira, C. de C.",https://commons.wikimedia.org/wiki/File:Bothrops_brazili_IUCN.png,cc-by-sa,CC BY-SA,https://creativecommons.org/licenses/by-sa/4.0/,"© Catenazzi, A., Hoogmoed, M.S. &amp; Nogueira, C. de C. / Wikimedia Commons (CC BY-SA)",ok
Bothrops taeniatus,Speckled Forest Pitviper,jararaca-tigrina,front-fanged viper,yes,0.8–1.2,forest,yes,yes,3.0,Bothrops taeniatus,UFSC thesis Table S1 (2015–2023 CNF survey),https://www.academia.edu/98379773/Os_R%C3%A9pteis_da_%C3%A1rea_de_Caraj%C3%A1s_Par%C3%A1_Brasil_Testudines_e_Squamata_I | https://repositorio.ufsc.br/bitstream/handle/123456789/268946/PECO0265-T.pdf?isAllowed=y&sequence=-1,https://reptile-database.reptarium.cz/Bothrops/taeniatus,,https://www.inaturalist.org/taxa/30779-Bothrops-taeniatus,https://www.inaturalist.org/taxa/30779-Bothrops-taeniatus/browse_photos,reported as Bothrops castelnaudi in older Carajás literature,,wikimedia,File:Bothriopsis taeniata4.JPG,https://upload.wikimedia.org/wikipedia/commons/c/c3/Bothriopsis_taeniata4.JPG,https://commons.wikimedia.org/wiki/File:Bothriopsis_taeniata4.JPG,Gérard Vigo,https://commons.wikimedia.org/wiki/File:Bothriopsis_taeniata4.JPG,cc-by-sa,CC BY-SA,https://creativecommons.org/licenses/by-sa/4.0/,© Gérard Vigo / Wikimedia Commons (CC BY-SA),ok
Lachesis muta,South American Bushmaster,surucucu-pico-de-jaca,front-fanged viper,yes,2.0–3.0,forest floor,yes,yes,1.0,Lachesis muta,UFSC thesis Table S1 (2015–2023 CNF survey),https://www.academia.edu/98379773/Os_R%C3%A9pteis_da_%C3%A1rea_de_Caraj%C3%A1s_Par%C3%A1_Brasil_Testudines_e_Squamata_I | https://repositorio.ufsc.br/bitstream/handle/123456789/268946/PECO0265-T.pdf?isAllowed=y&sequence=-1,,462.0,https://www.inaturalist.org/taxa/73840-Lachesis-muta,https://www.inaturalist.org/taxa/73840-Lachesis-muta/browse_photos,,,gbif,6147568700,https://inaturalist-open-data.s3.amazonaws.com/photos/613610971/original.jpg,https://www.gbif.org/occurrence/6147568700,Cen_Bamper,,cc-by,CC BY,https://creativecommons.org/licenses/by/4.0/,© Cen_Bamper via GBIF (CC BY),ok
Micrurus hemprichii,Hemprich's Coralsnake,cobra-coral-de-Hemprich,front-fanged elapid,yes,0.8–1.2,forest floor,no,yes,1.0,Micrurus hemprichii,UFSC thesis Table S1 (2015–2023 CNF survey),https://repositorio.ufsc.br/bitstream/handle/123456789/268946/PECO0265-T.pdf?isAllowed=y&sequence=-1,,,https://www.inaturalist.org/taxa/30560-Micrurus-hemprichii,https://www.inaturalist.org/taxa/30560-Micrurus-hemprichii/browse_photos,,,wikimedia,File:Hemprichii's CoralSnake (Micrurus hemprichii).jpg,https://upload.wikimedia.org/wikipedia/commons/4/44/Hemprichii%27s_CoralSnake_%28Micrurus_hemprichii%29.jpg,https://commons.wikimedia.org/wiki/File:Hemprichii%27s_CoralSnake_(Micrurus_hemprichii).jpg,Renato Gaiga,https://commons.wikimedia.org/wiki/File:Hemprichii%27s_CoralSnake_(Micrurus_hemprichii).jpg,cc-by-sa,CC BY-SA,https://creativecommons.org/licenses/by-sa/4.0/,© Renato Gaiga / Wikimedia Commons (CC BY-SA),ok
Micrurus lemniscatus,Ribbon Coralsnake,cobra-coral-fita,front-fanged elapid,yes,0.8–1.1,forest floor,yes,no,,Micrurus lemniscatus,Cunha et al. 1985 Carajás reptile survey,https://www.academia.edu/98379773/Os_R%C3%A9pteis_da_%C3%A1rea_de_Caraj%C3%A1s_Par%C3%A1_Brasil_Testudines_e_Squamata_I,,93.0,https://www.inaturalist.org/taxa/30498-Micrurus-lemniscatus,https://www.inaturalist.org/taxa/30498-Micrurus-lemniscatus/browse_photos,,,wikimedia,File:Micrurus lemniscatus Map.jpg,https://upload.wikimedia.org/wikipedia/commons/8/85/Micrurus_lemniscatus_Map.jpg,https://commons.wikimedia.org/wiki/File:Micrurus_lemniscatus_Map.jpg,Ubs6u!d-pongsakorn,https://commons.wikimedia.org/wiki/File:Micrurus_lemniscatus_Map.jpg,cc-by-sa,CC BY-SA,https://creativecommons.org/licenses/by-sa/4.0/,© Ubs6u!d-pongsakorn / Wikimedia Commons (CC BY-SA),ok
Micrurus paraensis,Pará Coralsnake,cobra-coral-do-Pará,front-fanged elapid,yes,0.8–1.1,forest floor,no,yes,4.0,Micrurus paraensis,UFSC thesis Table S1 (2015–2023 CNF survey),https://repositorio.ufsc.br/bitstream/handle/123456789/268946/PECO0265-T.pdf?isAllowed=y&sequence=-1,,14.0,https://www.inaturalist.org/taxa/30526-Micrurus-paraensis,https://www.inaturalist.org/taxa/30526-Micrurus-paraensis/browse_photos,,,wikimedia,File:Micrurus paraensis map.jpg,https://upload.wikimedia.org/wikipedia/commons/b/b2/Micrurus_paraensis_map.jpg,https://commons.wikimedia.org/wiki/File:Micrurus_paraensis_map.jpg,Ubs6u!d-pongsakorn,https://commons.wikimedia.org/wiki/File:Micrurus_paraensis_map.jpg,cc-by-sa,CC BY-SA,https://creativecommons.org/licenses/by-sa/4.0/,© Ubs6u!d-pongsakorn / Wikimedia Commons (CC BY-SA),ok
Micrurus spixii,Amazon Coralsnake,cobra-coral-amazônica,front-fanged elapid,yes,0.8–1.1,forest floor,yes,no,,Micrurus spixii martiusi,Cunha et al. 1985 Carajás reptile survey; subspecies collapsed to species,https://www.academia.edu/98379773/Os_R%C3%A9pteis_da_%C3%A1rea_de_Caraj%C3%A1s_Par%C3%A1_Brasil_Testudines_e_Squamata_I,https://reptile-database.reptarium.cz/Micrurus/spixii?search_param=%28%29,,https://www.inaturalist.org/taxa/30517-Micrurus-spixii,https://www.inaturalist.org/taxa/30517-Micrurus-spixii/browse_photos,,,gbif,3384923573,https://inaturalist-open-data.s3.amazonaws.com/photos/161988095/original.jpeg,https://www.gbif.org/occurrence/3384923573,Vincent A. Vos,,cc-by,CC BY,https://creativecommons.org/licenses/by/4.0/,© Vincent A. Vos via GBIF (CC BY),ok
Micrurus surinamensis,Aquatic Coralsnake,cobra-coral-aquática,front-fanged elapid,yes,0.8–1.3,aquatic / riparian,no,yes,1.0,Micrurus surinamensis,UFSC thesis Table S1 (2015–2023 CNF survey),https://repositorio.ufsc.br/bitstream/handle/123456789/268946/PECO0265-T.pdf?isAllowed=y&sequence=-1,,,https://www.inaturalist.org/taxa/30551-Micrurus-surinamensis,https://www.inaturalist.org/taxa/30551-Micrurus-surinamensis/browse_photos,,,wikimedia,File:Aquatic Coral Snake (Micrurus surinamensis) (13929030809).jpg,https://upload.wikimedia.org/wikipedia/commons/a/a7/Aquatic_Coral_Snake_%28Micrurus_surinamensis%29_%2813929030809%29.jpg,https://commons.wikimedia.org/wiki/File:Aquatic_Coral_Snake_(Micrurus_surinamensis)_(13929030809).jpg,Bernard DUPONT from FRANCE,https://commons.wikimedia.org/wiki/File:Aquatic_Coral_Snake_(Micrurus_surinamensis)_(13929030809).jpg,cc-by-sa,CC BY-SA,https://creativecommons.org/licenses/by-sa/4.0/,© Bernard DUPONT from FRANCE / Wikimedia Commons (CC BY-SA),ok
